Title,Media URL,Pinterest board,Thumbnail,Description,Link,Publish date,Keywords
Glossy Black Pointed-Toe Stilettos — $16.83 (67% off) 🖤,https://thestilettovault.github.io/img/heels/stiletto-heels-3256812312762342/ig_image_1.jpg,Stiletto Finds,,Obsessed. $16.83 instead of $51.01 — 67% off. The stiletto that looks way more expensive than it is. Tap to grab yours before it sells out 🖤 #heels #stilettos #shoefinds #affordablefashion #heelsaddict,https://rzekl.com/g/1e8d1144949a9d9ab95916525dc3e8/?subid=stiletto-heels-3256812312762342&ulp=https%3A%2F%2Fwww.aliexpress.com%2Fitem%2F3256812312762342.html,,"high heels, stilettos, heels, shoe finds, affordable heels, party shoes"
Sleek Party Heels You'll Live In — $54.52 (58% off) 🖤,https://thestilettovault.github.io/img/heels/pointed-toe-pump-3256807553221348/ig_image_1.jpg,Stiletto Finds,,Obsessed. $54.52 instead of $131.3 — 58% off. The stiletto that looks way more expensive than it is. Tap to grab yours before it sells out 🖤 #heels #stilettos #shoefinds #affordablefashion #heelsaddict,https://rzekl.com/g/1e8d1144949a9d9ab95916525dc3e8/?subid=pointed-toe-pump-3256807553221348&ulp=https%3A%2F%2Fwww.aliexpress.com%2Fitem%2F3256807553221348.html,,"high heels, stilettos, heels, shoe finds, affordable heels, party shoes"
Date-Night Stilettos That Do The Talking — $18.25 (33% off) 🖤,https://thestilettovault.github.io/img/heels/stiletto-heels-3256805980328073/ig_image_1.jpg,Stiletto Finds,,Obsessed. $18.25 instead of $27.39 — 33% off. The stiletto that looks way more expensive than it is. Tap to grab yours before it sells out 🖤 #heels #stilettos #shoefinds #affordablefashion #heelsaddict,https://rzekl.com/g/1e8d1144949a9d9ab95916525dc3e8/?subid=stiletto-heels-3256805980328073&ulp=https%3A%2F%2Fwww.aliexpress.com%2Fitem%2F3256805980328073.html,,"high heels, stilettos, heels, shoe finds, affordable heels, party shoes"
"The Little Black Heel, Perfected — $76.87 (20% off) 🖤",https://thestilettovault.github.io/img/heels/pointed-toe-pump-3256812471729513/ig_image_1.jpg,Stiletto Finds,,Obsessed. $76.87 instead of $96.22 — 20% off. The stiletto that looks way more expensive than it is. Tap to grab yours before it sells out 🖤 #heels #stilettos #shoefinds #affordablefashion #heelsaddict,https://rzekl.com/g/1e8d1144949a9d9ab95916525dc3e8/?subid=pointed-toe-pump-3256812471729513&ulp=https%3A%2F%2Fwww.aliexpress.com%2Fitem%2F3256812471729513.html,,"high heels, stilettos, heels, shoe finds, affordable heels, party shoes"
Barely-There Strappy Stilettos — $9.71 (74% off) 🖤,https://thestilettovault.github.io/img/heels/stiletto-heels-3256809453131649/ig_image_1.jpg,Stiletto Finds,,Obsessed. $9.71 instead of $37.16 — 74% off. The stiletto that looks way more expensive than it is. Tap to grab yours before it sells out 🖤 #heels #stilettos #shoefinds #affordablefashion #heelsaddict,https://rzekl.com/g/1e8d1144949a9d9ab95916525dc3e8/?subid=stiletto-heels-3256809453131649&ulp=https%3A%2F%2Fwww.aliexpress.com%2Fitem%2F3256809453131649.html,,"high heels, stilettos, heels, shoe finds, affordable heels, party shoes"
Editor-Approved Everyday Heels — $95.04 (24% off) 🖤,https://thestilettovault.github.io/img/heels/stiletto-heels-3256812851886473/ig_image_1.jpg,Stiletto Finds,,Obsessed. $95.04 instead of $125.06 — 24% off. The stiletto that looks way more expensive than it is. Tap to grab yours before it sells out 🖤 #heels #stilettos #shoefinds #affordablefashion #heelsaddict,https://rzekl.com/g/1e8d1144949a9d9ab95916525dc3e8/?subid=stiletto-heels-3256812851886473&ulp=https%3A%2F%2Fwww.aliexpress.com%2Fitem%2F3256812851886473.html,,"high heels, stilettos, heels, shoe finds, affordable heels, party shoes"
Sky-High Pointed Pumps — $14.47 (14% off) 🖤,https://thestilettovault.github.io/img/heels/stiletto-heels-3256808461627848/ig_image_1.png,Stiletto Finds,,Obsessed. $14.47 instead of $16.75 — 14% off. The stiletto that looks way more expensive than it is. Tap to grab yours before it sells out 🖤 #heels #stilettos #shoefinds #affordablefashion #heelsaddict,https://rzekl.com/g/1e8d1144949a9d9ab95916525dc3e8/?subid=stiletto-heels-3256808461627848&ulp=https%3A%2F%2Fwww.aliexpress.com%2Fitem%2F3256808461627848.html,,"high heels, stilettos, heels, shoe finds, affordable heels, party shoes"
"Minimalist Stilettos, Maximum Impact — $13.59 (59% off) 🖤",https://thestilettovault.github.io/img/heels/stiletto-heels-3256812889137855/ig_image_1.jpg,Stiletto Finds,,Obsessed. $13.59 instead of $33.15 — 59% off. The stiletto that looks way more expensive than it is. Tap to grab yours before it sells out 🖤 #heels #stilettos #shoefinds #affordablefashion #heelsaddict,https://rzekl.com/g/1e8d1144949a9d9ab95916525dc3e8/?subid=stiletto-heels-3256812889137855&ulp=https%3A%2F%2Fwww.aliexpress.com%2Fitem%2F3256812889137855.html,,"high heels, stilettos, heels, shoe finds, affordable heels, party shoes"
Your New Going-Out Heel — $17.96 (50% off) 🖤,https://thestilettovault.github.io/img/heels/stiletto-heels-3256808873806820/ig_image_1.jpg,Stiletto Finds,,Obsessed. $17.96 instead of $35.91 — 50% off. The stiletto that looks way more expensive than it is. Tap to grab yours before it sells out 🖤 #heels #stilettos #shoefinds #affordablefashion #heelsaddict,https://rzekl.com/g/1e8d1144949a9d9ab95916525dc3e8/?subid=stiletto-heels-3256808873806820&ulp=https%3A%2F%2Fwww.aliexpress.com%2Fitem%2F3256808873806820.html,,"high heels, stilettos, heels, shoe finds, affordable heels, party shoes"
"Classic Court Heels, Reworked — $6.07 (78% off) 🖤",https://thestilettovault.github.io/img/heels/stiletto-heels-3256812737369387/ig_image_1.jpg,Stiletto Finds,,Obsessed. $6.07 instead of $27.47 — 78% off. The stiletto that looks way more expensive than it is. Tap to grab yours before it sells out 🖤 #heels #stilettos #shoefinds #affordablefashion #heelsaddict,https://rzekl.com/g/1e8d1144949a9d9ab95916525dc3e8/?subid=stiletto-heels-3256812737369387&ulp=https%3A%2F%2Fwww.aliexpress.com%2Fitem%2F3256812737369387.html,,"high heels, stilettos, heels, shoe finds, affordable heels, party shoes"
Sharp Pointed-Toe Pumps — $9.81 (2% off) 🖤,https://thestilettovault.github.io/img/heels/pointed-toe-pump-3256802169872778/ig_image_1.jpg,Stiletto Finds,,Obsessed. $9.81 instead of $10.01 — 2% off. The stiletto that looks way more expensive than it is. Tap to grab yours before it sells out 🖤 #heels #stilettos #shoefinds #affordablefashion #heelsaddict,https://rzekl.com/g/1e8d1144949a9d9ab95916525dc3e8/?subid=pointed-toe-pump-3256802169872778&ulp=https%3A%2F%2Fwww.aliexpress.com%2Fitem%2F3256802169872778.html,,"high heels, stilettos, heels, shoe finds, affordable heels, party shoes"
The Under-$20 Heel Worth Hoarding — $22.15 (40% off) 🖤,https://thestilettovault.github.io/img/heels/stiletto-heels-3256812746878100/ig_image_1.jpg,Stiletto Finds,,Obsessed. $22.15 instead of $36.91 — 40% off. The stiletto that looks way more expensive than it is. Tap to grab yours before it sells out 🖤 #heels #stilettos #shoefinds #affordablefashion #heelsaddict,https://rzekl.com/g/1e8d1144949a9d9ab95916525dc3e8/?subid=stiletto-heels-3256812746878100&ulp=https%3A%2F%2Fwww.aliexpress.com%2Fitem%2F3256812746878100.html,,"high heels, stilettos, heels, shoe finds, affordable heels, party shoes"
Runway-Ready Stiletto Pumps — $13.54 (50% off) 🖤,https://thestilettovault.github.io/img/heels/stiletto-heels-3256808838061313/ig_image_1.jpg,Stiletto Finds,,Obsessed. $13.54 instead of $27.09 — 50% off. The stiletto that looks way more expensive than it is. Tap to grab yours before it sells out 🖤 #heels #stilettos #shoefinds #affordablefashion #heelsaddict,https://rzekl.com/g/1e8d1144949a9d9ab95916525dc3e8/?subid=stiletto-heels-3256808838061313&ulp=https%3A%2F%2Fwww.aliexpress.com%2Fitem%2F3256808838061313.html,,"high heels, stilettos, heels, shoe finds, affordable heels, party shoes"
Sultry Slingback Stilettos — $15.25 (67% off) 🖤,https://thestilettovault.github.io/img/heels/platform-high-heels-3256807448476023/ig_image_1.jpg,Stiletto Finds,,Obsessed. $15.25 instead of $46.36 — 67% off. The stiletto that looks way more expensive than it is. Tap to grab yours before it sells out 🖤 #heels #stilettos #shoefinds #affordablefashion #heelsaddict,https://rzekl.com/g/1e8d1144949a9d9ab95916525dc3e8/?subid=platform-high-heels-3256807448476023&ulp=https%3A%2F%2Fwww.aliexpress.com%2Fitem%2F3256807448476023.html,,"high heels, stilettos, heels, shoe finds, affordable heels, party shoes"
Statement Platform Heels — just $19.83 🖤,https://thestilettovault.github.io/img/heels/stiletto-heels-3256812400190367/ig_image_1.jpg,Stiletto Finds,,Obsessed. Just $19.83. The stiletto that looks way more expensive than it is. Tap to grab yours before it sells out 🖤 #heels #stilettos #shoefinds #affordablefashion #heelsaddict,https://rzekl.com/g/1e8d1144949a9d9ab95916525dc3e8/?subid=stiletto-heels-3256812400190367&ulp=https%3A%2F%2Fwww.aliexpress.com%2Fitem%2F3256812400190367.html,,"high heels, stilettos, heels, shoe finds, affordable heels, party shoes"
The Heel That Elevates Everything — $59.83 (64% off) 🖤,https://thestilettovault.github.io/img/heels/stiletto-heels-3256808986169728/ig_image_1.jpg,Stiletto Finds,,Obsessed. $59.83 instead of $166.21 — 64% off. The stiletto that looks way more expensive than it is. Tap to grab yours before it sells out 🖤 #heels #stilettos #shoefinds #affordablefashion #heelsaddict,https://rzekl.com/g/1e8d1144949a9d9ab95916525dc3e8/?subid=stiletto-heels-3256808986169728&ulp=https%3A%2F%2Fwww.aliexpress.com%2Fitem%2F3256808986169728.html,,"high heels, stilettos, heels, shoe finds, affordable heels, party shoes"
Polished Pointed Pumps — $18.11 (40% off) 🖤,https://thestilettovault.github.io/img/heels/stiletto-heels-3256808105408571/ig_image_1.jpg,Stiletto Finds,,Obsessed. $18.11 instead of $30.18 — 40% off. The stiletto that looks way more expensive than it is. Tap to grab yours before it sells out 🖤 #heels #stilettos #shoefinds #affordablefashion #heelsaddict,https://rzekl.com/g/1e8d1144949a9d9ab95916525dc3e8/?subid=stiletto-heels-3256808105408571&ulp=https%3A%2F%2Fwww.aliexpress.com%2Fitem%2F3256808105408571.html,,"high heels, stilettos, heels, shoe finds, affordable heels, party shoes"
Wear-With-Anything Black Stilettos — $23.38 (26% off) 🖤,https://thestilettovault.github.io/img/heels/stiletto-heels-3256806021490378/ig_image_1.jpg,Stiletto Finds,,Obsessed. $23.38 instead of $31.6 — 26% off. The stiletto that looks way more expensive than it is. Tap to grab yours before it sells out 🖤 #heels #stilettos #shoefinds #affordablefashion #heelsaddict,https://rzekl.com/g/1e8d1144949a9d9ab95916525dc3e8/?subid=stiletto-heels-3256806021490378&ulp=https%3A%2F%2Fwww.aliexpress.com%2Fitem%2F3256806021490378.html,,"high heels, stilettos, heels, shoe finds, affordable heels, party shoes"
Elegant High-Shine Heels — $46.55 (78% off) 🖤,https://thestilettovault.github.io/img/heels/stiletto-heels-3256812924512778/ig_image_1.jpg,Stiletto Finds,,Obsessed. $46.55 instead of $211.59 — 78% off. The stiletto that looks way more expensive than it is. Tap to grab yours before it sells out 🖤 #heels #stilettos #shoefinds #affordablefashion #heelsaddict,https://rzekl.com/g/1e8d1144949a9d9ab95916525dc3e8/?subid=stiletto-heels-3256812924512778&ulp=https%3A%2F%2Fwww.aliexpress.com%2Fitem%2F3256812924512778.html,,"high heels, stilettos, heels, shoe finds, affordable heels, party shoes"
Bold Pointed-Toe Party Pumps — just $22.98 🖤,https://thestilettovault.github.io/img/heels/stiletto-heels-2251832643910985/ig_image_1.jpg,Stiletto Finds,,Obsessed. Just $22.98. The stiletto that looks way more expensive than it is. Tap to grab yours before it sells out 🖤 #heels #stilettos #shoefinds #affordablefashion #heelsaddict,https://rzekl.com/g/1e8d1144949a9d9ab95916525dc3e8/?subid=stiletto-heels-2251832643910985&ulp=https%3A%2F%2Fwww.aliexpress.com%2Fitem%2F2251832643910985.html,,"high heels, stilettos, heels, shoe finds, affordable heels, party shoes"
Timeless Stiletto Court Shoes — just $17.74 🖤,https://thestilettovault.github.io/img/heels/stiletto-heels-3256812919764230/ig_image_1.jpg,Stiletto Finds,,Obsessed. Just $17.74. The stiletto that looks way more expensive than it is. Tap to grab yours before it sells out 🖤 #heels #stilettos #shoefinds #affordablefashion #heelsaddict,https://rzekl.com/g/1e8d1144949a9d9ab95916525dc3e8/?subid=stiletto-heels-3256812919764230&ulp=https%3A%2F%2Fwww.aliexpress.com%2Fitem%2F3256812919764230.html,,"high heels, stilettos, heels, shoe finds, affordable heels, party shoes"
The 'Where'd-You-Get-Those' Heel — just $17.55 🖤,https://thestilettovault.github.io/img/heels/stiletto-heels-3256807138421381/ig_image_1.jpg,Stiletto Finds,,Obsessed. Just $17.55. The stiletto that looks way more expensive than it is. Tap to grab yours before it sells out 🖤 #heels #stilettos #shoefinds #affordablefashion #heelsaddict,https://rzekl.com/g/1e8d1144949a9d9ab95916525dc3e8/?subid=stiletto-heels-3256807138421381&ulp=https%3A%2F%2Fwww.aliexpress.com%2Fitem%2F3256807138421381.html,,"high heels, stilettos, heels, shoe finds, affordable heels, party shoes"
Chic Closet-Staple Stilettos — $17.74 (87% off) 🖤,https://thestilettovault.github.io/img/heels/stiletto-heels-3256812977575450/ig_image_1.jpg,Stiletto Finds,,Obsessed. $17.74 instead of $132.47 — 87% off. The stiletto that looks way more expensive than it is. Tap to grab yours before it sells out 🖤 #heels #stilettos #shoefinds #affordablefashion #heelsaddict,https://rzekl.com/g/1e8d1144949a9d9ab95916525dc3e8/?subid=stiletto-heels-3256812977575450&ulp=https%3A%2F%2Fwww.aliexpress.com%2Fitem%2F3256812977575450.html,,"high heels, stilettos, heels, shoe finds, affordable heels, party shoes"
Effortless Evening Heels — $84.93 (48% off) 🖤,https://thestilettovault.github.io/img/heels/stiletto-heels-3256811752850876/ig_image_1.jpg,Stiletto Finds,,Obsessed. $84.93 instead of $163.33 — 48% off. The stiletto that looks way more expensive than it is. Tap to grab yours before it sells out 🖤 #heels #stilettos #shoefinds #affordablefashion #heelsaddict,https://rzekl.com/g/1e8d1144949a9d9ab95916525dc3e8/?subid=stiletto-heels-3256811752850876&ulp=https%3A%2F%2Fwww.aliexpress.com%2Fitem%2F3256811752850876.html,,"high heels, stilettos, heels, shoe finds, affordable heels, party shoes"
Modern Pointed Stilettos — $15.12 (50% off) 🖤,https://thestilettovault.github.io/img/heels/pointed-toe-pump-3256811354738154/ig_image_1.jpg,Stiletto Finds,,Obsessed. $15.12 instead of $30.24 — 50% off. The stiletto that looks way more expensive than it is. Tap to grab yours before it sells out 🖤 #heels #stilettos #shoefinds #affordablefashion #heelsaddict,https://rzekl.com/g/1e8d1144949a9d9ab95916525dc3e8/?subid=pointed-toe-pump-3256811354738154&ulp=https%3A%2F%2Fwww.aliexpress.com%2Fitem%2F3256811354738154.html,,"high heels, stilettos, heels, shoe finds, affordable heels, party shoes"
The Quiet-Luxury Black Heel — $44.04 (78% off) 🖤,https://thestilettovault.github.io/img/heels/stiletto-heels-3256813014380485/ig_image_1.jpg,Stiletto Finds,,Obsessed. $44.04 instead of $200.2 — 78% off. The stiletto that looks way more expensive than it is. Tap to grab yours before it sells out 🖤 #heels #stilettos #shoefinds #affordablefashion #heelsaddict,https://rzekl.com/g/1e8d1144949a9d9ab95916525dc3e8/?subid=stiletto-heels-3256813014380485&ulp=https%3A%2F%2Fwww.aliexpress.com%2Fitem%2F3256813014380485.html,,"high heels, stilettos, heels, shoe finds, affordable heels, party shoes"
Show-Stopping Stiletto Pumps — $14.34 (30% off) 🖤,https://thestilettovault.github.io/img/heels/stiletto-heels-2255800912705100/ig_image_1.jpg,Stiletto Finds,,Obsessed. $14.34 instead of $20.49 — 30% off. The stiletto that looks way more expensive than it is. Tap to grab yours before it sells out 🖤 #heels #stilettos #shoefinds #affordablefashion #heelsaddict,https://rzekl.com/g/1e8d1144949a9d9ab95916525dc3e8/?subid=stiletto-heels-2255800912705100&ulp=https%3A%2F%2Fwww.aliexpress.com%2Fitem%2F2255800912705100.html,,"high heels, stilettos, heels, shoe finds, affordable heels, party shoes"
